{
  "best_params": {
    "model__colsample_bytree": 0.6932865646199204,
    "model__learning_rate": 0.02043170889252171,
    "model__max_depth": 3,
    "model__min_child_samples": 8,
    "model__min_child_weight": 0.0001,
    "model__n_estimators": 366,
    "model__num_leaves": 32,
    "model__reg_alpha": 0.043460144043711846,
    "model__reg_lambda": 0.2685532709092739,
    "model__subsample": 0.8347364472083516
  },
  "best_recall_score": 0.7083055571942658,
  "optimization_target": "recall",
  "cv_folds": 5,
  "n_iter": 150,
  "timestamp": "20251106_201626",
  "minority_count": 3682,
  "majority_count": 26393
}