{
  "best_params": {
    "model__colsample_bytree": 0.8293751552493145,
    "model__learning_rate": 0.03343267454764096,
    "model__max_depth": 7,
    "model__min_child_samples": 9,
    "model__min_child_weight": 0.001,
    "model__n_estimators": 695,
    "model__num_leaves": 39,
    "model__reg_alpha": 0.2768515261729004,
    "model__reg_lambda": 0.10636394751211448,
    "model__subsample": 0.9784778171526761
  },
  "best_pr_auc_score": 0.36535324323721896,
  "optimization_target": "pr_auc",
  "cv_folds": 5,
  "n_iter": 150,
  "timestamp": "20251108_225820",
  "class_labels": {
    "0": "일반가 (다수)",
    "1": "가격미달 (소수)"
  },
  "minority_count": 2876,
  "majority_count": 25137,
  "scale_pos_weight": 8.740264255910988
}