{
  "best_params": {
    "model__colsample_bytree": 0.63045234379612,
    "model__learning_rate": 0.04330431113219459,
    "model__max_depth": 7,
    "model__min_child_samples": 36,
    "model__min_child_weight": 0.0001,
    "model__n_estimators": 648,
    "model__num_leaves": 72,
    "model__reg_alpha": 0.28565947095978705,
    "model__reg_lambda": 0.3310560050532823,
    "model__subsample": 0.8175115631989597
  },
  "best_pr_auc_score": 0.4149962338521691,
  "optimization_target": "pr_auc",
  "cv_folds": 5,
  "n_iter": 150,
  "timestamp": "20251107_125534",
  "class_labels": {
    "0": "1등급 (다수)",
    "1": "그외 (소수)"
  },
  "minority_count": 3682,
  "majority_count": 26393,
  "scale_pos_weight": 7.16811515480717
}