{
  "best_params": {
    "model__colsample_bytree": 0.800878004132497,
    "model__learning_rate": 0.03179232577940197,
    "model__max_depth": 7,
    "model__min_child_samples": 34,
    "model__min_child_weight": 0.001,
    "model__n_estimators": 734,
    "model__num_leaves": 70,
    "model__reg_alpha": 0.4490271447203569,
    "model__reg_lambda": 0.10256982024100358,
    "model__subsample": 0.6762750882654667
  },
  "best_pr_auc_score": 0.35197622073100643,
  "optimization_target": "pr_auc",
  "cv_folds": 5,
  "n_iter": 150,
  "timestamp": "20251108_222518",
  "class_labels": {
    "0": "일반가 (다수)",
    "1": "가격미달 (소수)"
  },
  "minority_count": 1794,
  "majority_count": 16343,
  "scale_pos_weight": 9.109810479375696
}