{
  "best_params": {
    "model__colsample_bytree": 0.9359788658689887,
    "model__learning_rate": 0.039777025100756196,
    "model__max_depth": 6,
    "model__min_child_samples": 26,
    "model__min_child_weight": 0.001,
    "model__n_estimators": 838,
    "model__num_leaves": 70,
    "model__reg_alpha": 0.21616740052130096,
    "model__reg_lambda": 0.47180796008379944,
    "model__subsample": 0.7678909267704489
  },
  "best_pr_auc_score": 0.3658403132881706,
  "optimization_target": "pr_auc",
  "cv_folds": 5,
  "n_iter": 150,
  "timestamp": "20251109_002743",
  "class_labels": {
    "0": "일반가 (다수)",
    "1": "가격미달 (소수)"
  },
  "minority_count": 3337,
  "majority_count": 28406,
  "scale_pos_weight": 8.512436320047946
}