{
  "timestamp": "20251109_114044",
  "saved_at": "2025-11-09T12:11:31.460526",
  "trial_number": 290,
  "best_value": 2012.8406512173174,
  "best_params": {
    "max_depth": 12,
    "min_child_weight": 1,
    "gamma": 1.548336328215886,
    "learning_rate": 0.009963035588947693,
    "n_estimators": 800,
    "subsample": 0.5563797184135945,
    "colsample_bytree": 0.5061795009134958,
    "colsample_bylevel": 0.6077117538016766,
    "reg_alpha": 9.886832444926703e-07,
    "reg_lambda": 1.787649937755014e-07
  },
  "n_trials": 291
}